{
    "_type": "export",
    "__export_format": 4,
    "__export_date": "2024-05-20T19:13:05.628Z",
    "__export_source": "insomnia.desktop.app:v9.2.0",
    "resources": [
        {
            "_id": "req_0d7a3cd8ff4a48a583b712929c90f45c",
            "parentId": "wrk_595ea9fb7ce545b1869a6dc713e18b76",
            "modified": 1715980948750,
            "created": 1715980887572,
            "url": "http://localhost/transações",
            "name": "/transações",
            "description": "",
            "method": "GET",
            "body": {},
            "preRequestScript": "",
            "parameters": [],
            "headers": [
                {
                    "name": "User-Agent",
                    "value": "insomnia/9.2.0"
                }
            ],
            "authentication": {},
            "metaSortKey": -1715980887572,
            "isPrivate": false,
            "pathParameters": [],
            "settingStoreCookies": true,
            "settingSendCookies": true,
            "settingDisableRenderRequestBody": false,
            "settingEncodeUrl": true,
            "settingRebuildPath": true,
            "settingFollowRedirects": "global",
            "_type": "request"
        },
        {
            "_id": "wrk_595ea9fb7ce545b1869a6dc713e18b76",
            "parentId": null,
            "modified": 1715981601336,
            "created": 1715971906855,
            "name": "projeto_Bim",
            "description": "",
            "scope": "collection",
            "_type": "workspace"
        },
        {
            "_id": "req_e92bbe44ce1741b89b06061f3ac4a85b",
            "parentId": "wrk_595ea9fb7ce545b1869a6dc713e18b76",
            "modified": 1715980983678,
            "created": 1715980977644,
            "url": "http://localhost/transações/1",
            "name": "/transações/:id",
            "description": "",
            "method": "GET",
            "body": {},
            "preRequestScript": "",
            "parameters": [],
            "headers": [
                {
                    "name": "User-Agent",
                    "value": "insomnia/9.2.0"
                }
            ],
            "authentication": {},
            "metaSortKey": -1715980699284.75,
            "isPrivate": false,
            "pathParameters": [],
            "settingStoreCookies": true,
            "settingSendCookies": true,
            "settingDisableRenderRequestBody": false,
            "settingEncodeUrl": true,
            "settingRebuildPath": true,
            "settingFollowRedirects": "global",
            "_type": "request"
        },
        {
            "_id": "req_8bba4162085c49b18f18882733d4fa43",
            "parentId": "wrk_595ea9fb7ce545b1869a6dc713e18b76",
            "modified": 1715981002076,
            "created": 1715980931016,
            "url": "http://localhost/transações",
            "name": "/transações",
            "description": "",
            "method": "POST",
            "body": {},
            "preRequestScript": "",
            "parameters": [],
            "headers": [
                {
                    "name": "User-Agent",
                    "value": "insomnia/9.2.0"
                }
            ],
            "authentication": {},
            "metaSortKey": -1715980652212.9375,
            "isPrivate": false,
            "pathParameters": [],
            "settingStoreCookies": true,
            "settingSendCookies": true,
            "settingDisableRenderRequestBody": false,
            "settingEncodeUrl": true,
            "settingRebuildPath": true,
            "settingFollowRedirects": "global",
            "_type": "request"
        },
        {
            "_id": "req_41a0e47f6b8142e79a44e87fadb8f2d9",
            "parentId": "wrk_595ea9fb7ce545b1869a6dc713e18b76",
            "modified": 1715980993003,
            "created": 1715980988420,
            "url": "http://localhost/transações/1",
            "name": "/transações/:id",
            "description": "",
            "method": "PUT",
            "body": {},
            "preRequestScript": "",
            "parameters": [],
            "headers": [
                {
                    "name": "User-Agent",
                    "value": "insomnia/9.2.0"
                }
            ],
            "authentication": {},
            "metaSortKey": -1715980605141.125,
            "isPrivate": false,
            "pathParameters": [],
            "settingStoreCookies": true,
            "settingSendCookies": true,
            "settingDisableRenderRequestBody": false,
            "settingEncodeUrl": true,
            "settingRebuildPath": true,
            "settingFollowRedirects": "global",
            "_type": "request"
        },
        {
            "_id": "req_f23c8ab88d7f438fbc52a7208379909f",
            "parentId": "wrk_595ea9fb7ce545b1869a6dc713e18b76",
            "modified": 1715980999286,
            "created": 1715980996709,
            "url": "http://localhost/transações/1",
            "name": "/transações/:id",
            "description": "",
            "method": "DELETE",
            "body": {},
            "preRequestScript": "",
            "parameters": [],
            "headers": [
                {
                    "name": "User-Agent",
                    "value": "insomnia/9.2.0"
                }
            ],
            "authentication": {},
            "metaSortKey": -1715980558069.3125,
            "isPrivate": false,
            "pathParameters": [],
            "settingStoreCookies": true,
            "settingSendCookies": true,
            "settingDisableRenderRequestBody": false,
            "settingEncodeUrl": true,
            "settingRebuildPath": true,
            "settingFollowRedirects": "global",
            "_type": "request"
        },
        {
            "_id": "req_d6a3fb2b8c83430e8cbb2a4cf1184b81",
            "parentId": "wrk_595ea9fb7ce545b1869a6dc713e18b76",
            "modified": 1715980163655,
            "created": 1715980134423,
            "url": "http://localhost/moedas",
            "name": "/moedas",
            "description": "",
            "method": "GET",
            "body": {},
            "preRequestScript": "",
            "parameters": [],
            "headers": [
                {
                    "name": "User-Agent",
                    "value": "insomnia/9.2.0"
                }
            ],
            "authentication": {},
            "metaSortKey": -1715980134423,
            "isPrivate": false,
            "pathParameters": [],
            "settingStoreCookies": true,
            "settingSendCookies": true,
            "settingDisableRenderRequestBody": false,
            "settingEncodeUrl": true,
            "settingRebuildPath": true,
            "settingFollowRedirects": "global",
            "_type": "request"
        },
        {
            "_id": "req_cdba7870337d4da5939edab1b8f6434a",
            "parentId": "wrk_595ea9fb7ce545b1869a6dc713e18b76",
            "modified": 1715980196484,
            "created": 1715980176883,
            "url": "http://localhost/moedas/BRL",
            "name": "/moedas/ISO",
            "description": "",
            "method": "GET",
            "body": {},
            "preRequestScript": "",
            "parameters": [],
            "headers": [
                {
                    "name": "User-Agent",
                    "value": "insomnia/9.2.0"
                }
            ],
            "authentication": {},
            "metaSortKey": -1715979108624.875,
            "isPrivate": false,
            "pathParameters": [],
            "settingStoreCookies": true,
            "settingSendCookies": true,
            "settingDisableRenderRequestBody": false,
            "settingEncodeUrl": true,
            "settingRebuildPath": true,
            "settingFollowRedirects": "global",
            "_type": "request"
        },
        {
            "_id": "req_bb6d1f77dd9643278608f1ca7c9ac12c",
            "parentId": "wrk_595ea9fb7ce545b1869a6dc713e18b76",
            "modified": 1715980190911,
            "created": 1715980188561,
            "url": "http://localhost/moedas",
            "name": "/moedas",
            "description": "",
            "method": "POST",
            "body": {},
            "preRequestScript": "",
            "parameters": [],
            "headers": [
                {
                    "name": "User-Agent",
                    "value": "insomnia/9.2.0"
                }
            ],
            "authentication": {},
            "metaSortKey": -1715978082826.75,
            "isPrivate": false,
            "pathParameters": [],
            "settingStoreCookies": true,
            "settingSendCookies": true,
            "settingDisableRenderRequestBody": false,
            "settingEncodeUrl": true,
            "settingRebuildPath": true,
            "settingFollowRedirects": "global",
            "_type": "request"
        },
        {
            "_id": "req_ca6ba14f0c04441494f09a4f32420c7c",
            "parentId": "wrk_595ea9fb7ce545b1869a6dc713e18b76",
            "modified": 1715980210218,
            "created": 1715980204005,
            "url": "http://localhost/moedas/BRL",
            "name": "/moedas/ISO",
            "description": "",
            "method": "PUT",
            "body": {},
            "preRequestScript": "",
            "parameters": [],
            "headers": [
                {
                    "name": "User-Agent",
                    "value": "insomnia/9.2.0"
                }
            ],
            "authentication": {},
            "metaSortKey": -1715975005432.375,
            "isPrivate": false,
            "pathParameters": [],
            "settingStoreCookies": true,
            "settingSendCookies": true,
            "settingDisableRenderRequestBody": false,
            "settingEncodeUrl": true,
            "settingRebuildPath": true,
            "settingFollowRedirects": "global",
            "_type": "request"
        },
        {
            "_id": "req_031c4ff308ff44169eced12aeb5eee78",
            "parentId": "wrk_595ea9fb7ce545b1869a6dc713e18b76",
            "modified": 1715980217915,
            "created": 1715980214971,
            "url": "http://localhost/moedas/BRL",
            "name": "/moedas/ISO",
            "description": "",
            "method": "DELETE",
            "body": {},
            "preRequestScript": "",
            "parameters": [],
            "headers": [
                {
                    "name": "User-Agent",
                    "value": "insomnia/9.2.0"
                }
            ],
            "authentication": {},
            "metaSortKey": -1715973466735.1875,
            "isPrivate": false,
            "pathParameters": [],
            "settingStoreCookies": true,
            "settingSendCookies": true,
            "settingDisableRenderRequestBody": false,
            "settingEncodeUrl": true,
            "settingRebuildPath": true,
            "settingFollowRedirects": "global",
            "_type": "request"
        },
        {
            "_id": "req_623ba22ccbdc4c67afc430afe290e0e5",
            "parentId": "wrk_595ea9fb7ce545b1869a6dc713e18b76",
            "modified": 1715974913667,
            "created": 1715971928038,
            "url": "http://localhost/usuarios",
            "name": "/usuarios",
            "description": "",
            "method": "GET",
            "body": {},
            "preRequestScript": "",
            "parameters": [],
            "headers": [
                {
                    "name": "User-Agent",
                    "value": "insomnia/9.2.0"
                }
            ],
            "authentication": {},
            "metaSortKey": -1715971928038,
            "isPrivate": false,
            "pathParameters": [],
            "settingStoreCookies": true,
            "settingSendCookies": true,
            "settingDisableRenderRequestBody": false,
            "settingEncodeUrl": true,
            "settingRebuildPath": true,
            "settingFollowRedirects": "global",
            "_type": "request"
        },
        {
            "_id": "req_3d7fae4670254ff4b0f90c7140b0689a",
            "parentId": "wrk_595ea9fb7ce545b1869a6dc713e18b76",
            "modified": 1715975395392,
            "created": 1715974093352,
            "url": "http://localhost/usuarios/1",
            "name": "/usuarios/:id",
            "description": "",
            "method": "GET",
            "body": {},
            "preRequestScript": "",
            "parameters": [],
            "headers": [
                {
                    "name": "User-Agent",
                    "value": "insomnia/9.2.0"
                }
            ],
            "authentication": {},
            "metaSortKey": -1715971928025.5,
            "isPrivate": false,
            "pathParameters": [],
            "settingStoreCookies": true,
            "settingSendCookies": true,
            "settingDisableRenderRequestBody": false,
            "settingEncodeUrl": true,
            "settingRebuildPath": true,
            "settingFollowRedirects": "global",
            "_type": "request"
        },
        {
            "_id": "req_50def7d9120a4effbf20d9e4d275ab53",
            "parentId": "wrk_595ea9fb7ce545b1869a6dc713e18b76",
            "modified": 1715974008164,
            "created": 1715973965643,
            "url": "http://localhost/usuarios",
            "name": "/usuarios",
            "description": "",
            "method": "POST",
            "body": {},
            "preRequestScript": "",
            "parameters": [],
            "headers": [
                {
                    "name": "User-Agent",
                    "value": "insomnia/9.2.0"
                }
            ],
            "authentication": {},
            "metaSortKey": -1715971928013,
            "isPrivate": false,
            "pathParameters": [],
            "settingStoreCookies": true,
            "settingSendCookies": true,
            "settingDisableRenderRequestBody": false,
            "settingEncodeUrl": true,
            "settingRebuildPath": true,
            "settingFollowRedirects": "global",
            "_type": "request"
        },
        {
            "_id": "req_7e6ad43177e54d8c88fe19d293fcdab7",
            "parentId": "wrk_595ea9fb7ce545b1869a6dc713e18b76",
            "modified": 1715976453148,
            "created": 1715975452687,
            "url": "http://localhost/usuarios/1",
            "name": "/usuarios/:id",
            "description": "",
            "method": "PUT",
            "body": {},
            "preRequestScript": "",
            "parameters": [],
            "headers": [
                {
                    "name": "User-Agent",
                    "value": "insomnia/9.2.0"
                }
            ],
            "authentication": {},
            "metaSortKey": -1715971927963,
            "isPrivate": false,
            "pathParameters": [],
            "settingStoreCookies": true,
            "settingSendCookies": true,
            "settingDisableRenderRequestBody": false,
            "settingEncodeUrl": true,
            "settingRebuildPath": true,
            "settingFollowRedirects": "global",
            "_type": "request"
        },
        {
            "_id": "req_1fc176c67da242f2851e510b73c20e70",
            "parentId": "wrk_595ea9fb7ce545b1869a6dc713e18b76",
            "modified": 1715976532207,
            "created": 1715975488854,
            "url": "http://localhost/usuarios/1",
            "name": "/usuarios/:id",
            "description": "",
            "method": "DELETE",
            "body": {},
            "preRequestScript": "",
            "parameters": [],
            "headers": [
                {
                    "name": "User-Agent",
                    "value": "insomnia/9.2.0"
                }
            ],
            "authentication": {},
            "metaSortKey": -1715971927913,
            "isPrivate": false,
            "pathParameters": [],
            "settingStoreCookies": true,
            "settingSendCookies": true,
            "settingDisableRenderRequestBody": false,
            "settingEncodeUrl": true,
            "settingRebuildPath": true,
            "settingFollowRedirects": "global",
            "_type": "request"
        },
        {
            "_id": "env_ac694ffb75c39e0bb8527987956a070f80290f1f",
            "parentId": "wrk_595ea9fb7ce545b1869a6dc713e18b76",
            "modified": 1715971906859,
            "created": 1715971906859,
            "name": "Base Environment",
            "data": {},
            "dataPropertyOrder": null,
            "color": null,
            "isPrivate": false,
            "metaSortKey": 1715971906859,
            "_type": "environment"
        },
        {
            "_id": "jar_ac694ffb75c39e0bb8527987956a070f80290f1f",
            "parentId": "wrk_595ea9fb7ce545b1869a6dc713e18b76",
            "modified": 1715971906862,
            "created": 1715971906862,
            "name": "Default Jar",
            "cookies": [],
            "_type": "cookie_jar"
        }
    ]
}