{"_type":"export","__export_format":4,"__export_date":"2024-05-23T00:00:09.687Z","__export_source":"insomnia.desktop.app:v9.1.0","resources":[{"_id":"req_0527163373344be1ac3fa702a18ae275","parentId":"wrk_98ebc92558224831b481c22959ba6f17","modified":1716422214074,"created":1716420583189,"url":"http://localhost","name":"/livros","description":"","method":"GET","body":{},"preRequestScript":"","parameters":[],"headers":[{"name":"User-Agent","value":"insomnia/9.1.0"}],"authentication":{},"metaSortKey":-1716420583189,"isPrivate":false,"pathParameters":[],"settingStoreCookies":true,"settingSendCookies":true,"settingDisableRenderRequestBody":false,"settingEncodeUrl":true,"settingRebuildPath":true,"settingFollowRedirects":"global","_type":"request"},{"_id":"wrk_98ebc92558224831b481c22959ba6f17","parentId":null,"modified":1716421463973,"created":1716413301836,"name":"Comandos_REST_API","description":"","scope":"collection","_type":"workspace"},{"_id":"req_95f9e175243c4884b6586dd60abfa6b3","parentId":"wrk_98ebc92558224831b481c22959ba6f17","modified":1716421729827,"created":1716420582142,"url":"http://localhost/livros/:id","name":"/livros/:id","description":"","method":"GET","body":{},"preRequestScript":"","parameters":[],"headers":[{"name":"User-Agent","value":"insomnia/9.1.0"}],"authentication":{},"metaSortKey":-1716420582142,"isPrivate":false,"pathParameters":[{"name":"id","value":""}],"settingStoreCookies":true,"settingSendCookies":true,"settingDisableRenderRequestBody":false,"settingEncodeUrl":true,"settingRebuildPath":true,"settingFollowRedirects":"global","_type":"request"},{"_id":"req_b8eee21125b44c4bb7dd2df2d68621ac","parentId":"wrk_98ebc92558224831b481c22959ba6f17","modified":1716421733542,"created":1716420581249,"url":"http://localhost/livros","name":"/livros","description":"","method":"POST","body":{},"preRequestScript":"","parameters":[],"headers":[{"name":"User-Agent","value":"insomnia/9.1.0"}],"authentication":{},"metaSortKey":-1716420581249,"isPrivate":false,"pathParameters":[],"settingStoreCookies":true,"settingSendCookies":true,"settingDisableRenderRequestBody":false,"settingEncodeUrl":true,"settingRebuildPath":true,"settingFollowRedirects":"global","_type":"request"},{"_id":"req_6eefdbcb18ef461c9dea34704289b2f3","parentId":"wrk_98ebc92558224831b481c22959ba6f17","modified":1716421743990,"created":1716420580144,"url":"http://localhost/livros/:id","name":"/livros/:id","description":"","method":"PUT","body":{},"preRequestScript":"","parameters":[],"headers":[{"name":"User-Agent","value":"insomnia/9.1.0"}],"authentication":{},"metaSortKey":-1716420580144,"isPrivate":false,"pathParameters":[{"name":"id","value":""}],"settingStoreCookies":true,"settingSendCookies":true,"settingDisableRenderRequestBody":false,"settingEncodeUrl":true,"settingRebuildPath":true,"settingFollowRedirects":"global","_type":"request"},{"_id":"req_0db0f0f24dbc44c097610ae25c82d693","parentId":"wrk_98ebc92558224831b481c22959ba6f17","modified":1716421746504,"created":1716420565829,"url":"http://localhost/livros/:id","name":"/livros/:id","description":"","method":"DELETE","body":{},"preRequestScript":"","parameters":[],"headers":[{"name":"User-Agent","value":"insomnia/9.1.0"}],"authentication":{},"metaSortKey":-1716420565829,"isPrivate":false,"pathParameters":[{"name":"id","value":""}],"settingStoreCookies":true,"settingSendCookies":true,"settingDisableRenderRequestBody":false,"settingEncodeUrl":true,"settingRebuildPath":true,"settingFollowRedirects":"global","_type":"request"},{"_id":"env_075f4dbc12d7ef55a069be66018d9f68004e3200","parentId":"wrk_98ebc92558224831b481c22959ba6f17","modified":1716413301840,"created":1716413301840,"name":"Base Environment","data":{},"dataPropertyOrder":null,"color":null,"isPrivate":false,"metaSortKey":1716413301840,"_type":"environment"},{"_id":"jar_075f4dbc12d7ef55a069be66018d9f68004e3200","parentId":"wrk_98ebc92558224831b481c22959ba6f17","modified":1716413301843,"created":1716413301843,"name":"Default Jar","cookies":[],"_type":"cookie_jar"}]}